<?xml version="1.0" encoding="UTF-8"?>
<jcr:root xmlns:sling="http://sling.apache.org/jcr/sling/1.0" xmlns:cq="http://www.day.com/jcr/cq/1.0" xmlns:jcr="http://www.jcp.org/jcr/1.0" xmlns:nt="http://www.jcp.org/jcr/nt/1.0"
    jcr:primaryType="nt:unstructured"
    jcr:title="63 Collapsible Multifield"
    sling:resourceType="cq/gui/components/authoring/dialog">
    <content
        jcr:primaryType="nt:unstructured"
        sling:resourceType="granite/ui/components/coral/foundation/fixedcolumns">
        <items jcr:primaryType="nt:unstructured">
            <column
                jcr:primaryType="nt:unstructured"
                sling:resourceType="granite/ui/components/coral/foundation/container">
                <items jcr:primaryType="nt:unstructured">
                    <products
                        jcr:primaryType="nt:unstructured"
                        sling:resourceType="granite/ui/components/coral/foundation/form/multifield"
                        composite="{Boolean}true"
                        eaem-show-on-collapse="EAEM.showProductName"
                        fieldLabel="Products">
                        <field
                            jcr:primaryType="nt:unstructured"
                            sling:resourceType="granite/ui/components/coral/foundation/container"
                            name="./products">
                            <items jcr:primaryType="nt:unstructured">
                                <column
                                    jcr:primaryType="nt:unstructured"
                                    sling:resourceType="granite/ui/components/coral/foundation/container">
                                    <items jcr:primaryType="nt:unstructured">
                                        <product
                                            jcr:primaryType="nt:unstructured"
                                            sling:resourceType="granite/ui/components/coral/foundation/form/textfield"
                                            fieldDescription="Name of Product"
                                            fieldLabel="Product Name"
                                            name="./product"/>
                                        <path
                                            jcr:primaryType="nt:unstructured"
                                            sling:resourceType="granite/ui/components/coral/foundation/form/pathbrowser"
                                            fieldDescription="Select Path"
                                            fieldLabel="Path"
                                            name="./path"
                                            rootPath="/content"/>
                                        <startDate
                                            jcr:primaryType="nt:unstructured"
                                            sling:resourceType="granite/ui/components/coral/foundation/form/datepicker"
                                            class="field"
                                            displayedFormat="YYYY-MM-DD HH:mm"
                                            fieldLabel="Start Date"
                                            name="./startDate"
                                            type="datetime"/>
                                        <show
                                            jcr:primaryType="nt:unstructured"
                                            sling:resourceType="granite/ui/components/coral/foundation/form/checkbox"
                                            name="./show"
                                            text="Show?"
                                            value="yes"/>
                                        <type
                                            jcr:primaryType="nt:unstructured"
                                            sling:resourceType="granite/ui/components/coral/foundation/form/select"
                                            fieldDescription="Select Size"
                                            fieldLabel="Size"
                                            name="./size">
                                            <items jcr:primaryType="nt:unstructured">
                                                <def
                                                    jcr:primaryType="nt:unstructured"
                                                    text="Select Size"
                                                    value=""/>
                                                <small
                                                    jcr:primaryType="nt:unstructured"
                                                    text="Small"
                                                    value="small"/>
                                                <medium
                                                    jcr:primaryType="nt:unstructured"
                                                    text="Medium"
                                                    value="medium"/>
                                                <large
                                                    jcr:primaryType="nt:unstructured"
                                                    text="Large"
                                                    value="large"/>
                                            </items>
                                        </type>
                                    </items>
                                </column>
                            </items>
                        </field>
                    </products>
                </items>
            </column>
        </items>
    </content>
</jcr:root>
